no;knowledge;technical;logical;year_experience;salary
1;50;60;50;0;Rp 2,500,000.00
2;60;50;50;0;Rp 2,500,000.00
3;50;70;70;0;Rp 3,000,000.00
4;40;50;60;0;Rp 2,800,000.00
5;70;70;70;1.1;Rp 4,000,000.00
6;75;70;65;1.2;Rp 4,000,000.00
7;65;65;60;1.1;Rp 3,800,000.00
8;70;70;70;1.5;Rp 4,500,000.00
9;70;80;80;2;Rp 6,000,000.00
10;75;75;85;1.8;Rp 6,000,000.00
11;80;80;80;2;Rp 7,000,000.00
12;80;80;80;2.2;Rp 7,500,000.00
13;75;70;80;2.9;Rp 7,800,000.00
14;80;85;80;3;Rp 8,400,000.00
15;75;80;75;2.4;Rp 7,500,000.00
16;85;80;90;3.2;Rp 8,200,000.00
17;85;80;85;3.2;Rp 8,000,000.00
18;85;90;90;2.7;Rp 8,000,000.00
19;90;90;90;3.7;Rp 10,000,000.00
20;47;57;53;0.1;Rp 2,850,000.00
21;55;67;50;0;Rp 2,700,000.00
22;76;73;76;2.4;Rp 7,500,000.00
23;71;77;78;1.8;Rp 6,850,000.00
24;76;76;82;2.4;Rp 7,600,000.00
25;63;65;60;1.1;Rp 4,650,000.00
26;78;76;69;1.9;Rp 5,300,000.00
27;80;77;76;2.6;Rp 7,850,000.00
28;62;54;50;0.2;Rp 2,800,000.00
29;76;71;81;2.8;Rp 7,550,000.00
30;74;88;83;2.1;Rp 6,400,000.00
31;57;50;57;0;Rp 2,500,000.00
32;83;75;73;2.7;Rp 7,350,000.00
33;68;71;69;1.5;Rp 4,400,000.00
34;75;75;80;2.2;Rp 6,100,000.00
35;64;63;59;1.4;Rp 4,900,000.00
36;73;60;60;1.2;Rp 4,350,000.00
37;88;83;83;2.8;Rp 7,800,000.00
38;80;84;83;2.5;Rp 8,000,000.00
39;47;50;67;0.4;Rp 3,650,000.00
40;64;69;64;1.5;Rp 6,050,000.00
41;79;77;74;2;Rp 5,950,000.00
42;79;83;78;2.8;Rp 8,250,000.00
43;48;50;56;0;Rp 2,500,000.00
44;73;76;73;2;Rp 5,900,000.00
45;88;83;83;2.7;Rp 6,950,000.00
46;77;77;67;2;Rp 6,350,000.00
47;80;78;79;2.1;Rp 5,900,000.00
48;62;50;50;0.2;Rp 2,500,000.00
49;62;50;58;0.1;Rp 2,500,000.00
50;47;51;66;0.2;Rp 2,550,000.00
51;80;80;80;2;Rp 5,950,000.00
52;70;72;82;2;Rp 6,850,000.00
53;70;64;67;1.6;Rp 4,700,000.00
54;87;90;81;2.7;Rp 7,750,000.00
55;65;76;71;1.1;Rp 4,550,000.00
56;70;75;66;1.3;Rp 5,750,000.00
57;70;80;80;2.1;Rp 6,950,000.00
58;75;85;85;2.9;Rp 9,000,000.00
59;62;64;64;0.8;Rp 4,150,000.00
60;84;90;89;2.8;Rp 7,700,000.00
61;75;70;65;1.2;Rp 4,400,000.00
62;62;53;54;0.4;Rp 2,500,000.00
63;71;73;80;2.7;Rp 7,900,000.00
64;75;81;81;2.1;Rp 6,350,000.00
65;85;75;80;2.2;Rp 5,950,000.00
66;58;64;64;0.6;Rp 3,050,000.00
67;82;87;90;3.1;Rp 8,800,000.00
68;82;73;80;2.6;Rp 7,000,000.00
69;79;84;88;2.8;Rp 8,100,000.00
70;78;85;78;2.3;Rp 6,500,000.00
71;55;72;72;0.5;Rp 3,250,000.00
72;52;63;50;0;Rp 2,950,000.00
73;78;73;88;3;Rp 7,900,000.00
74;62;63;61;1.2;Rp 4,350,000.00
75;84;80;79;2.8;Rp 7,350,000.00
76;71;85;79;2.1;Rp 6,050,000.00
77;75;68;73;1.6;Rp 5,400,000.00
78;70;70;74;1.1;Rp 5,250,000.00
79;61;64;56;0.4;Rp 4,050,000.00
80;75;76;86;2.8;Rp 7,000,000.00
81;71;72;74;2.1;Rp 6,500,000.00
82;60;61;68;1.6;Rp 5,800,000.00
83;73;73;71;1.7;Rp 5,850,000.00
84;66;70;75;1;Rp 4,500,000.00
85;49;67;54;0.2;Rp 2,550,000.00
86;52;57;60;0.5;Rp 3,650,000.00
87;55;66;71;0.7;Rp 3,400,000.00
88;52;75;65;0.2;Rp 3,850,000.00
89;80;80;80;3;Rp 8,250,000.00
90;80;82;80;2.4;Rp 6,800,000.00
91;90;85;90;3;Rp 8,100,000.00
92;71;85;84;2.1;Rp 7,950,000.00
93;77;72;70;1.7;Rp 4,950,000.00
94;67;70;69;1.4;Rp 4,650,000.00
95;82;79;90;3.3;Rp 7,950,000.00
96;82;77;83;2.1;Rp 6,350,000.00
97;66;79;81;1.8;Rp 6,600,000.00
98;73;69;69;1.3;Rp 3,900,000.00
99;67;67;61;1.3;Rp 3,900,000.00
100;65;51;51;0.1;Rp 2,500,000.00
101;80;77;82;2.4;Rp 6,700,000.00
102;40;63;59;0;Rp 3,350,000.00
103;53;64;69;0.8;Rp 3,450,000.00
104;80;75;88;3.2;Rp 8,400,000.00
105;56;54;60;0.6;Rp 3,350,000.00
106;50;75;70;0;Rp 2,500,000.00
107;58;78;72;0.7;Rp 4,600,000.00
108;70;65;65;1;Rp 3,800,000.00
109;75;76;84;1.9;Rp 5,700,000.00
110;60;74;77;0.9;Rp 4,650,000.00
111;50;65;50;0.1;Rp 2,550,000.00
112;85;80;90;3.2;Rp 8,400,000.00
113;75;83;80;2.7;Rp 7,450,000.00
114;80;66;81;2.6;Rp 6,200,000.00
115;78;83;84;3.1;Rp 8,400,000.00
116;82;80;77;2.5;Rp 7,300,000.00
117;89;79;89;3.1;Rp 8,350,000.00
118;80;90;84;2.8;Rp 7,350,000.00
119;79;80;83;2.7;Rp 7,150,000.00
120;71;65;57;1.2;Rp 4,250,000.00
121;64;79;77;1.6;Rp 5,900,000.00
122;73;75;78;1.9;Rp 6,050,000.00
123;68;68;61;1.3;Rp 4,450,000.00
124;90;90;85;3.6;Rp 9,700,000.00
125;57;59;67;1.1;Rp 4,000,000.00
126;77;78;90;2.6;Rp 7,750,000.00
127;75;76;75;2.9;Rp 6,850,000.00
128;71;66;69;1.6;Rp 5,250,000.00
129;65;59;63;0.7;Rp 3,850,000.00
130;83;74;74;1.7;Rp 5,200,000.00
131;68;80;77;2.3;Rp 6,600,000.00
132;79;79;75;2.3;Rp 7,250,000.00
133;76;76;81;3;Rp 8,000,000.00
134;62;58;63;0.9;Rp 3,900,000.00
135;79;74;74;1.8;Rp 6,250,000.00
136;75;75;80;1.9;Rp 6,800,000.00
137;83;90;90;2.6;Rp 7,200,000.00
138;85;80;85;3.2;Rp 8,700,000.00
139;79;72;84;2.8;Rp 8,350,000.00
140;74;75;80;2.1;Rp 6,450,000.00
141;73;79;70;2.1;Rp 7,350,000.00
142;76;81;86;1.9;Rp 7,050,000.00
143;82;87;79;3;Rp 8,150,000.00
144;63;59;59;0.8;Rp 4,650,000.00
145;85;89;84;2.8;Rp 8,550,000.00
146;65;62;59;0.8;Rp 3,250,000.00
147;58;69;73;0.1;Rp 2,500,000.00
148;77;67;72;1.4;Rp 4,500,000.00
149;47;57;57;0.4;Rp 2,500,000.00
150;90;85;90;3.7;Rp 9,050,000.00
151;73;80;83;2.2;Rp 7,600,000.00
152;75;73;85;2.7;Rp 7,600,000.00
153;53;76;71;0.1;Rp 2,550,000.00
154;86;90;90;2.9;Rp 7,750,000.00
155;72;79;82;2.1;Rp 6,750,000.00
156;73;80;78;2.1;Rp 6,000,000.00
157;77;74;88;2.8;Rp 8,650,000.00
158;76;76;71;1.2;Rp 4,700,000.00
159;66;51;51;0;Rp 2,500,000.00
160;68;63;67;1.2;Rp 5,400,000.00
161;83;88;83;2.6;Rp 7,150,000.00
162;57;63;54;0.2;Rp 2,500,000.00
163;73;69;68;1;Rp 4,800,000.00
164;77;78;75;1.4;Rp 6,000,000.00
165;57;55;60;0;Rp 2,500,000.00
166;67;62;63;1.4;Rp 4,900,000.00
167;69;53;53;0.5;Rp 2,500,000.00
168;65;68;73;1.4;Rp 4,800,000.00
169;78;71;78;2.6;Rp 7,950,000.00
170;61;74;71;1.6;Rp 5,750,000.00
171;41;50;65;0;Rp 3,150,000.00
172;75;83;83;2.5;Rp 7,350,000.00
173;77;72;82;1.9;Rp 5,650,000.00
174;67;66;62;1.2;Rp 4,000,000.00
175;66;70;75;1;Rp 5,000,000.00
176;81;81;81;2.1;Rp 6,700,000.00
177;74;76;76;2.4;Rp 7,400,000.00
178;75;85;85;2.2;Rp 7,050,000.00
179;79;77;73;2.2;Rp 5,850,000.00
180;65;56;66;0.6;Rp 3,850,000.00
181;80;80;80;2.9;Rp 8,200,000.00
182;75;82;75;2.3;Rp 7,000,000.00
183;71;71;71;1.3;Rp 4,800,000.00
184;64;70;70;0.8;Rp 3,900,000.00
185;85;80;85;3.1;Rp 8,100,000.00
186;70;65;70;1.6;Rp 5,300,000.00
187;73;60;67;1;Rp 3,400,000.00
188;81;84;83;3.1;Rp 7,950,000.00
189;72;75;72;1.9;Rp 6,450,000.00
190;87;90;90;3.4;Rp 8,800,000.00
191;70;71;76;1.3;Rp 4,250,000.00
192;43;52;62;0.3;Rp 2,600,000.00
193;69;79;69;2.3;Rp 7,700,000.00
194;75;70;75;2.8;Rp 7,950,000.00
195;71;71;71;1.2;Rp 4,550,000.00
196;50;72;70;0;Rp 3,400,000.00
197;50;50;53;0;Rp 2,500,000.00
198;68;71;65;0.9;Rp 4,150,000.00
199;72;80;70;1.7;Rp 5,350,000.00
200;90;87;81;3.1;Rp 8,150,000.00
201;73;75;80;2;Rp 6,700,000.00
202;89;90;89;3.6;Rp 9,050,000.00
203;72;72;65;1.5;Rp 5,550,000.00
204;63;65;57;0.9;Rp 4,000,000.00
205;64;69;69;1.2;Rp 5,600,000.00
206;76;74;80;2.9;Rp 7,350,000.00
207;50;73;78;0.7;Rp 4,250,000.00
208;77;85;88;2.4;Rp 7,600,000.00
209;64;63;57;0.6;Rp 4,150,000.00
210;59;65;74;1.2;Rp 5,300,000.00
211;89;79;89;2.7;Rp 7,850,000.00
212;79;89;84;2.9;Rp 8,300,000.00
213;47;62;53;0.1;Rp 3,200,000.00
214;84;90;87;3.3;Rp 8,700,000.00
215;54;67;71;0.5;Rp 3,800,000.00
216;86;90;90;3.1;Rp 8,250,000.00
217;65;70;75;1.4;Rp 6,150,000.00
218;71;73;78;1.7;Rp 5,150,000.00
219;85;82;87;3.2;Rp 8,050,000.00
220;76;76;71;1.3;Rp 4,050,000.00
221;50;50;55;0;Rp 2,500,000.00
222;79;80;84;3.1;Rp 8,450,000.00
223;67;85;85;1.2;Rp 6,350,000.00
224;60;52;52;0.8;Rp 3,800,000.00
225;79;87;89;3.2;Rp 9,000,000.00
226;73;72;74;1.7;Rp 6,350,000.00
227;72;75;70;2;Rp 7,200,000.00
228;76;75;67;1.5;Rp 5,750,000.00
229;68;74;69;1;Rp 4,150,000.00
230;82;82;87;2.3;Rp 6,900,000.00
231;80;75;87;3;Rp 8,700,000.00
232;81;78;90;2.5;Rp 7,250,000.00
233;78;71;85;2.5;Rp 8,050,000.00
234;89;89;90;2.6;Rp 7,950,000.00
235;80;80;80;2.1;Rp 6,600,000.00
236;84;79;83;3.1;Rp 7,550,000.00
237;87;82;87;2.2;Rp 6,100,000.00
238;85;83;85;3;Rp 8,700,000.00
239;64;70;61;0.9;Rp 4,550,000.00
240;85;75;77;2.2;Rp 6,050,000.00
241;40;50;60;0;Rp 2,500,000.00
242;84;76;84;3.2;Rp 8,250,000.00
243;82;77;88;3.1;Rp 9,300,000.00
244;73;80;87;2.2;Rp 7,000,000.00
245;88;80;85;2.5;Rp 6,900,000.00
246;87;86;83;3.5;Rp 8,950,000.00
247;78;80;87;2.3;Rp 6,700,000.00
248;52;55;62;0.2;Rp 2,750,000.00
249;51;60;51;0;Rp 2,500,000.00
250;71;71;89;1.8;Rp 6,750,000.00
251;60;50;50;0.1;Rp 2,500,000.00
252;62;50;50;0;Rp 2,500,000.00
253;77;70;77;2;Rp 6,400,000.00
254;70;80;85;2;Rp 6,300,000.00
255;73;78;75;2.9;Rp 7,800,000.00
256;75;80;81;2;Rp 6,050,000.00
257;80;82;75;2.8;Rp 8,100,000.00
258;80;73;72;1.6;Rp 5,200,000.00
259;77;72;73;1.5;Rp 4,950,000.00
260;75;66;72;1.5;Rp 6,000,000.00
261;83;90;90;2.3;Rp 8,050,000.00
262;84;85;84;3;Rp 7,750,000.00
263;81;69;81;2;Rp 6,000,000.00
264;51;63;63;0.6;Rp 3,850,000.00
265;50;65;70;0;Rp 2,500,000.00
266;80;80;80;2.2;Rp 7,000,000.00
267;75;75;65;1.3;Rp 4,350,000.00
268;89;90;89;3.6;Rp 8,700,000.00
269;60;61;61;1.2;Rp 4,750,000.00
270;75;65;69;1.5;Rp 5,550,000.00
271;67;75;77;2.1;Rp 5,950,000.00
272;84;84;84;2.8;Rp 7,450,000.00
273;84;88;90;2.6;Rp 8,650,000.00
274;78;73;82;2.9;Rp 7,300,000.00
275;74;74;78;1.8;Rp 5,800,000.00
276;85;89;89;2.7;Rp 8,150,000.00
277;75;79;84;1.9;Rp 6,800,000.00
278;67;71;62;0.9;Rp 4,700,000.00
279;84;89;89;3.7;Rp 9,550,000.00
280;72;70;74;2.1;Rp 7,050,000.00
281;84;80;89;3.1;Rp 8,600,000.00
282;62;65;70;1.2;Rp 5,100,000.00
283;73;68;65;1.3;Rp 5,200,000.00
284;84;80;90;3.2;Rp 9,500,000.00
285;81;66;72;1.2;Rp 4,550,000.00
286;56;50;50;0;Rp 2,500,000.00
287;90;85;90;3.1;Rp 7,950,000.00
288;80;90;90;2.8;Rp 7,800,000.00
289;75;70;70;1.1;Rp 4,450,000.00
290;79;85;80;2.3;Rp 6,250,000.00
291;51;68;73;0;Rp 3,350,000.00
292;63;70;72;0.7;Rp 4,600,000.00
293;70;65;61;1;Rp 3,750,000.00
294;73;86;86;2.2;Rp 6,350,000.00
295;73;70;82;2.1;Rp 6,300,000.00
296;83;81;90;2.5;Rp 8,300,000.00
297;73;81;76;1.4;Rp 6,150,000.00
298;66;76;74;1.5;Rp 5,350,000.00
299;56;70;67;0.5;Rp 3,350,000.00
300;71;70;68;1.4;Rp 4,700,000.00
301;43;52;66;0.1;Rp 2,950,000.00
302;46;50;64;0;Rp 3,100,000.00
303;81;73;85;2.9;Rp 7,800,000.00
304;74;70;66;1;Rp 4,250,000.00
305;58;73;78;0.6;Rp 4,650,000.00
306;49;56;68;0.3;Rp 3,600,000.00
307;72;72;75;1.2;Rp 4,900,000.00
308;76;81;84;1.8;Rp 5,650,000.00
309;60;59;65;0.5;Rp 3,500,000.00
310;68;77;72;2;Rp 6,450,000.00
311;85;84;85;3;Rp 8,050,000.00
312;80;90;85;3;Rp 8,600,000.00
313;72;79;70;1.7;Rp 6,550,000.00
314;80;85;85;3;Rp 8,250,000.00
315;82;85;77;2.3;Rp 6,900,000.00
316;67;66;81;2.2;Rp 7,150,000.00
317;83;80;85;2.6;Rp 8,100,000.00
318;43;58;52;0;Rp 2,750,000.00
319;71;72;71;1.7;Rp 5,300,000.00
320;77;82;77;2.7;Rp 7,400,000.00
321;81;83;76;2.1;Rp 6,050,000.00
322;87;80;87;2.4;Rp 7,900,000.00
323;58;67;75;0.5;Rp 3,000,000.00
324;75;80;75;1.7;Rp 6,050,000.00
325;77;73;69;1.4;Rp 5,600,000.00
326;79;79;79;2.2;Rp 6,550,000.00
327;81;84;83;2.9;Rp 8,150,000.00
328;70;75;70;1.4;Rp 5,300,000.00
329;90;80;90;3;Rp 8,700,000.00
330;66;65;60;0.8;Rp 4,050,000.00
331;69;74;83;1.7;Rp 5,650,000.00
332;48;57;68;0.6;Rp 3,850,000.00
333;90;85;89;3.1;Rp 8,500,000.00
334;80;80;85;1.9;Rp 6,050,000.00
335;69;64;70;1.2;Rp 4,000,000.00
336;70;70;70;1.2;Rp 4,900,000.00
337;70;71;85;2.9;Rp 8,600,000.00
338;73;75;80;2.7;Rp 8,600,000.00
339;65;65;61;1.1;Rp 4,100,000.00
340;88;86;86;2.5;Rp 8,200,000.00
341;72;78;72;2;Rp 6,550,000.00
342;69;69;69;1;Rp 5,100,000.00
343;69;62;59;0.8;Rp 4,050,000.00
344;57;67;55;0.5;Rp 4,100,000.00
345;68;69;74;2;Rp 6,500,000.00
346;55;61;67;0.8;Rp 3,350,000.00
347;75;76;78;1.8;Rp 5,200,000.00
348;76;79;71;2.4;Rp 6,500,000.00
349;80;80;80;2.2;Rp 6,450,000.00
350;84;82;77;2.3;Rp 6,850,000.00
351;63;66;66;1.6;Rp 4,900,000.00
352;62;75;79;1.4;Rp 5,750,000.00
353;80;75;90;3;Rp 7,650,000.00
354;60;56;51;0.1;Rp 2,500,000.00
355;64;75;74;1;Rp 4,500,000.00
356;82;84;84;2.9;Rp 8,000,000.00
357;68;60;65;1.2;Rp 5,150,000.00
358;75;69;83;1.7;Rp 6,100,000.00
359;72;71;69;1.7;Rp 5,600,000.00
360;76;75;80;2.1;Rp 7,600,000.00
361;71;77;62;1.3;Rp 4,650,000.00
362;54;51;50;0;Rp 2,500,000.00
363;80;82;82;2.1;Rp 7,200,000.00
364;54;79;69;0.8;Rp 4,650,000.00
365;72;79;69;2.1;Rp 6,550,000.00
366;76;81;74;1.9;Rp 7,200,000.00
367;80;84;78;2.4;Rp 7,100,000.00
368;70;77;72;2;Rp 6,600,000.00
369;53;58;60;0.7;Rp 2,950,000.00
370;69;85;80;2;Rp 7,300,000.00
371;65;65;80;1.9;Rp 6,250,000.00
372;70;70;70;1.2;Rp 4,150,000.00
373;65;67;68;0.9;Rp 4,900,000.00
374;80;80;80;2.2;Rp 7,250,000.00
375;72;70;72;1.5;Rp 6,200,000.00
376;75;70;80;2.8;Rp 7,750,000.00
377;79;88;83;2.4;Rp 6,450,000.00
378;66;61;67;1.1;Rp 4,300,000.00
379;75;74;70;2.4;Rp 7,500,000.00
380;79;82;72;2.6;Rp 7,550,000.00
381;74;68;74;1.5;Rp 4,500,000.00
382;84;77;82;2.3;Rp 6,800,000.00
383;81;69;76;2.2;Rp 7,150,000.00
384;85;90;90;2.8;Rp 7,600,000.00
385;52;56;52;0.2;Rp 3,200,000.00
386;71;70;74;1.6;Rp 6,100,000.00
387;85;83;86;3.4;Rp 9,300,000.00
388;62;74;67;1;Rp 4,250,000.00
389;85;78;85;2.9;Rp 6,850,000.00
390;67;75;67;1.6;Rp 6,200,000.00
391;85;79;74;2.1;Rp 6,700,000.00
392;71;82;72;1.5;Rp 6,350,000.00
393;83;87;90;3.2;Rp 8,150,000.00
394;84;82;81;2.8;Rp 7,700,000.00
395;85;88;83;3.1;Rp 9,150,000.00
396;75;77;83;2.6;Rp 6,700,000.00
397;80;80;75;2;Rp 6,200,000.00
398;54;56;50;0;Rp 2,500,000.00
399;78;73;87;2.8;Rp 7,250,000.00
400;43;57;58;0;Rp 2,500,000.00
401;70;76;73;1.7;Rp 6,550,000.00
402;65;70;66;1.1;Rp 4,550,000.00
403;83;82;88;2.6;Rp 7,550,000.00
404;72;76;86;2.1;Rp 6,550,000.00
405;80;70;90;3;Rp 8,800,000.00
406;71;72;80;2.8;Rp 7,150,000.00
407;67;73;69;1.1;Rp 4,850,000.00
408;71;76;71;1.7;Rp 5,350,000.00
409;60;78;84;1.2;Rp 5,750,000.00
410;42;51;61;0.2;Rp 2,500,000.00
411;65;70;60;1.1;Rp 4,600,000.00
412;69;70;76;1.6;Rp 5,650,000.00
413;84;81;89;3.2;Rp 8,600,000.00
414;84;81;84;2.8;Rp 7,250,000.00
415;78;79;71;1.4;Rp 5,700,000.00
416;63;55;50;0.3;Rp 2,500,000.00
417;44;53;61;0.3;Rp 3,350,000.00
418;67;68;68;1.5;Rp 5,750,000.00
419;84;82;80;2.3;Rp 6,300,000.00
420;55;51;51;0;Rp 2,500,000.00
421;42;57;58;0;Rp 2,500,000.00
422;88;90;85;3.3;Rp 9,250,000.00
423;68;68;66;1.4;Rp 5,150,000.00
424;80;69;77;1.8;Rp 5,500,000.00
425;79;84;80;2.8;Rp 7,650,000.00
426;74;79;82;3;Rp 8,250,000.00
427;80;80;80;2;Rp 6,400,000.00
428;68;63;70;1.1;Rp 4,900,000.00
429;82;79;89;2.9;Rp 8,150,000.00
430;81;86;80;2.9;Rp 8,600,000.00
431;82;84;83;2.3;Rp 7,050,000.00
432;78;77;75;1.8;Rp 5,500,000.00
433;74;75;80;1.9;Rp 6,700,000.00
434;71;86;76;2.1;Rp 6,750,000.00
435;90;90;90;3.7;Rp 9,950,000.00
436;79;74;79;1.8;Rp 5,300,000.00
437;74;85;76;2.3;Rp 7,150,000.00
438;76;80;76;2.3;Rp 7,250,000.00
439;78;75;68;1.6;Rp 4,550,000.00
440;68;73;78;1.7;Rp 5,400,000.00
441;80;84;78;2.2;Rp 6,300,000.00
442;82;80;84;2.3;Rp 6,150,000.00
443;56;58;56;0.7;Rp 2,900,000.00
444;65;61;61;1;Rp 4,200,000.00
445;78;85;80;2.3;Rp 7,450,000.00
446;76;80;77;2.5;Rp 7,550,000.00
447;73;76;72;1.9;Rp 6,500,000.00
448;75;75;84;1.7;Rp 5,950,000.00
449;42;59;59;0.5;Rp 3,950,000.00
450;70;75;75;1.6;Rp 5,400,000.00
451;75;75;75;2;Rp 5,450,000.00
452;77;79;70;1.6;Rp 5,350,000.00
453;54;58;68;1.2;Rp 4,500,000.00
454;74;83;73;2.8;Rp 8,100,000.00
455;75;79;64;1.8;Rp 5,350,000.00
456;86;81;85;3.1;Rp 9,300,000.00
457;70;75;75;1.6;Rp 5,950,000.00
458;75;78;80;2.4;Rp 8,150,000.00
459;85;75;89;3.1;Rp 8,850,000.00
460;70;65;65;1.1;Rp 3,950,000.00
461;54;71;66;0.5;Rp 3,950,000.00
462;59;63;63;1.3;Rp 5,000,000.00
463;72;80;77;2.2;Rp 6,400,000.00
464;79;75;79;2.2;Rp 6,350,000.00
465;58;50;51;0;Rp 2,500,000.00
466;42;51;60;0.2;Rp 2,500,000.00
467;66;50;52;0.2;Rp 2,500,000.00
468;66;75;66;1.2;Rp 5,100,000.00
469;78;73;66;1.8;Rp 6,100,000.00
470;86;76;83;3;Rp 8,750,000.00
471;83;78;83;2.3;Rp 6,800,000.00
472;70;70;66;1.8;Rp 4,950,000.00
473;55;57;70;0.5;Rp 3,500,000.00
474;76;72;90;1.8;Rp 6,150,000.00
475;69;76;75;1.7;Rp 6,700,000.00
476;62;67;66;1.2;Rp 5,000,000.00
477;83;80;88;2.7;Rp 8,050,000.00
478;85;89;90;2.8;Rp 8,650,000.00
479;84;87;87;2.6;Rp 7,250,000.00
480;81;85;78;3;Rp 8,300,000.00
481;63;68;70;1.5;Rp 6,100,000.00
482;88;79;84;3;Rp 8,200,000.00
483;57;72;78;0.7;Rp 4,200,000.00
484;71;71;71;1.5;Rp 4,600,000.00
485;43;53;62;0.1;Rp 2,500,000.00
486;63;61;61;0.8;Rp 3,950,000.00
487;84;80;79;2.9;Rp 7,350,000.00
488;75;80;85;2.1;Rp 6,750,000.00
489;78;87;77;2.7;Rp 8,050,000.00
490;61;60;56;0.5;Rp 2,700,000.00
491;72;72;72;1.7;Rp 5,500,000.00
492;63;77;63;1.3;Rp 5,150,000.00
493;73;79;79;2.1;Rp 6,400,000.00
494;70;76;77;2.6;Rp 7,000,000.00
495;75;76;85;2;Rp 6,150,000.00
496;81;85;90;2.9;Rp 8,250,000.00
497;73;68;64;1.2;Rp 3,850,000.00
498;65;57;65;0.9;Rp 4,100,000.00
499;69;74;76;1.6;Rp 5,050,000.00
500;62;65;75;1.1;Rp 4,550,000.00
